,Class #,Subject,Cat#,Sect#,Course Name,Crdt,Hrs,Instructor,Enr Cap,Days,Time Start,Time End,Room #,Zoom Links
,,,,,BUSINESS,,,,,,,,,
,17020,ACCT,110,600,Financial Acct,3,3,Alfadli ,30,MWF,9:00 AM,9:55 AM,,
,17021,ACCT,110,601,Financial Acct,3,3,Alfadli ,30,MWF,11:10 AM,12:05 PM,,
2,16826,ACCT,210,600,Management Accounting,3,3,Alfadli ,30,MW,2:35 PM,3:55 PM,,
,16941,ACCT,210,601,Management Accounting,3,3,Alfadli ,30,MW,4:05 PM,5:25 PM,,
3,16968,DECS,310,600,Operations Management,3,3,Klincar,30,TR,9:00 AM,10:20 AM,,
3,16882,DECS,310,601,Operations Management,3,3,Klincar,30,MW,1:05 PM,2:25 PM,,
,17026,DECS,350,600,Project Management,3,3,Klincar,30,TR,10:30 AM,11:50 AM,,
2,16886,FINC,220,600,Financial Management I,3,3,Maydybura,30,TR,9:00 AM,10:20 AM,,
2,16671,FINC,220,601,Financial Management I,3,3,Maydybura,30,MW,1:05 PM,2:25 PM,,
,16859,FINC,352,600,Financial Management II,3,3,Maydybura,30,TR,10:30 AM,11:50 AM,,
,16918,FINC,361,600,Financial Institutions and Markets,3,3,Maydybura,30,MW,2:35 PM,3:55 PM,,
,16810,FINC,499,600,Finance Coop,0,0,Maydybura,50,TBD,TBD,TBD,,
"2,GE",16833,INTB,225,600,Global Business Environment,3,3,Tahir,30,MW,1:05 PM,2:25 PM,,
,16969,INTB,225,601,Global Business Environment,3,3,Tahir,30,TR,3:00 PM,4:20 PM,,
,16673,INTB,499,600,Intl Business Coop,0,0,Tahir,100,TBD,TBD,TBD,,
,16888,INTB,315,600,Exporting and Global Sourcing,3,3,Tahir,30,MWF,11:10 AM,12:05 PM,,
INTB/MGMT,16674,INTB,550,600,Global Entry and Competitive Strat,3,3,Tahir,30,TR,12:00 PM,1:20 PM,,
2,16919,MGIS,130,600,Information Systems & Tech,3,3,Al Hussaeni,30,TBD,TBD,TBD,,
,16919,MGIS ,130,601,Information Systems & Tech,3,3,Al Hussaeni,30,TBD,TBD,TBD,,
,17065,SCBI,35,601,Careers in Business,0,1,Hariri,24,TBD,TBD,TBD,,
1,16680,MGMT,101,600,Business I,3,3,Koleva,30,TR,10:30 AM,11:50 AM,,
1,16681,MGMT,101,601,Business I,3,3,Koleva,30,TR,1:30 PM,2:50 PM,,
,16875,MGMT,101,602,Business I,3,3,Klincar,30,MWF,9:00 AM,9:55 AM,,
,16986,MGMT,101,603,Business I,3,3,Klincar,30,MWF,10:05 AM,11:00 AM,,
2,16896,MGMT,215,600,Organizational Behavior,3,3,Kokkalis,30,TR,9:00 AM,9:55 AM,,
2,16841,MGMT,215,601,Organizational Behavior,3,3,Kokkalis,30,TR,1:30 PM,2:50 PM,,
,17057,MGMT,350,600,Entrepreneurship,3,3,Koleva,30,MW,4:05 PM,5:25 PM,,
,16685,MGMT,310,600,Leading Cross Cultural Virtual Teams,3,3,Koleva,30,MW,2:35 PM,3:55 PM,,
,16689,MGMT,499,600,Management Coop,0,N/A,Kokkalis,999,TR,3:00 PM,4:20 PM,,
,17525,MGMT,489,600,Seminar in Management,3,3,Kokkalis/Shakhseer,30,TBD,TBD,TBD,,
"2, DigBus",16897,MKTG,230,600,Principles of Marketing,3,3,TBD,30,TR,12:00 PM,1:20 PM,,
"2, DigBus",16691,MKTG,230,601,Principles of Marketing,3,3,TBD,30,TR,3:00 PM,4:20 PM,,
,16954,MKTG,350,600,Consumer Behavior,3,3,TBD,30,MWF,11:10 AM,12:05 PM,,
,16692,MKTG,499,600,Marketing Coop,0,0,TBD,998,TBD,TBD,TBD,,
,,,,,ENGINEERING,,,,,,,,,
,16739,EGEN,99,600,Engineering Coop Prep,0,1,Hariri,24,,,,,
,,,,,ELECTRICAL ENGINEERING,,,,,,,,,
"2,GE",16867,CMPR,271,601,Computational Prob Slv for Engnr,3,3,Abdul-Latif,28,TR,9:00 AM,10:20 AM,,
1,16698,EEEE,105,600,EE Practicum,1,1,Amer,20,M,9:00 AM,9:55 AM,,
,16700,"""","""",60L1,EE Practicum Lab,,1,Amer/Begum,10,W,9:00 AM,9:55 AM,,
,16702,"""","""",60L2,EE Practicum Lab,,1,Amer/Begum,10,F,9:00 AM,9:55 AM,,
2/ME/IE PE,16703,EEEE,281,600,Circuits I,3,3,Tlili,20,TR,1:30 PM,2:50 PM,,
,16703,"""","""","""",Circuits I Recitation,,1,Tlili,20,W,9:00 AM,9:55 AM,,
,16704,"""","""",60L1,Circuits I Lab,,3,Begum,15,T,10:30 AM,1:20 PM,,
,16705,"""","""",60L2,Circuits I Lab,,3,Begum,15,T,3:00 PM,5:50 PM,,
3,17507,EEEE,260,600,Semi Dev I,3,3,Tlili,30,TR,10:30 AM,11:50 AM,,
Energy/EE PE,16706,EEEE,321,600,Energy Conversion,3,3,TBD,30,TR,4:30 PM,5:50 PM,,
3/IE PE,16707,EEEE,353,600,Linear Systems,4,4,Ismail,30,TR,12:00 PM,1:50 PM,,
,16707,"""","""","""","""","""","""",Ismail,30,R,1:55 PM,2:50 PM,,
04-Mar,16708,EEEE,374,600,EM Fields,4,4,Tlili,30,MW,10:05 AM,11:55 AM,,
,16710,"""","""",60L1,EM Fields Lab,,2,Begum,15,F,10:05 AM,11:55 AM,,
4,16715,EEEE,414,600,Classical Control,3,3,Ismail,30,TR,3:00 PM,4:20 PM,,
,16717,"""","""",60L1,Classical Control Lab,,3,Begum,15,R,12:00 PM,2:50 PM,,
4,16723,EEEE,420,600,Embedded System Design,3,3,Mounsef,30,MW,1:05 PM,2:25 PM,,
,16724,"""","""",60L2,ESD Lab,,2,Begum,15,W,10:05 AM,11:55 AM,,
4,16725,EEEE,480,600,Analog Electronics,4,4,Mounsef,30,MW,4:05 PM,5:55 PM,,
,16726,"""","""",60L1,Analog Electronics Lab,,3,Begum,15,M,9:00 AM,11:50 AM,,
5,16711,EEEE,380,600,Digital Electronics,3,3,Mounsef,30,TR,1:30 PM,2:50 PM,,
,16713,"""","""",60L1,Digital Electronics Lab,,3,Begum,15,W,2:35 PM,5:25 PM,,
5,16727,EEEE,484,600,Communication Systems,3,3,Amer,30,MW,1:05 PM,2:25 PM,,
,16728,"""","""",60L1,Comm Lab,,2,Begum,15,R,9:00 AM,10:50 AM,,
5,16805,EEEE,497,600,Senior Design I,3,3,Osama Abdulrahman,15,TR,4:30 AM,5:50 PM,,
5,16851,EEEE,498,600,Senior Design II,3,3,Osama Abdulrahman,15,TR,4:30 AM,5:50 PM,,
,16729,EEEE,499,600,Coop,0,N/A,Amer,999,N/A,N/A,N/A,,
,16730,EEEE,499,601,Coop,0,N/A,Ismail,999,N/A,N/A,N/A,,
,16731,EEEE,499,602,Coop,0,N/A,Tlili,999,N/A,N/A,N/A,,
,16732,EEEE,499,603,Coop,0,N/A,Mounsef,999,N/A,N/A,N/A,,
Energy/EE PE,16972,EEEE,524,600,Advances in Power Systems,3,3,Ismail,15,R,6:00 PM,8:50 PM,,
EE PE,16861,EEEE,547,600,AI Explorations,3,3,Mounsef,30,W,6:00 PM,8:50 PM,,
,,,,,MS ELECTRICAL ENGINEERING,,,,,,,,,
EE PE,16862,EEEE,647,600,AI Explorations,3,3,Mounsef,30,W,6:00 PM,8:50 PM,,
,16973,EEEE,624,600,Advances in Power Systems,3,3,Ismail,15,R,6:00 PM,8:50 PM,,
Cntr/EE PE,16883,EEEE,661,600,Modern Control Theory,3,3,Ismail,30,T,6:00 PM,8:50 PM,,
Core,16809,EEEE,707,600,Engineering Analysis,3,3,Tlili,15,M,6:00 PM,8:50 PM,,
,16733,EEEE,790,600,Thesis,0-6,N/A,Amer,32,N/A,N/A,N/A,,
,16734,EEEE,790,601,Thesis,0-6,N/A,Ismail,32,N/A,N/A,N/A,,
,16735,EEEE,790,602,Thesis,0-6,N/A,Mounsef,32,N/A,N/A,N/A,,
,16978,EEEE,791,600,Continuation of Thesis,1,N/A,Ismail,1,N/A,N/A,N/A,,
,16736,EEEE,792,600,Graduate Paper,0-3,N/A,Amer,32,N/A,N/A,N/A,,
,16737,EEEE,792,601,Graduate Paper,0-3,N/A,Ismail,32,N/A,N/A,N/A,,
,16738,EEEE,792,602,Graduate Paper,0-3,N/A,Tlili,32,N/A,N/A,N/A,,
,17062,EEEE,792,603,Graduate Paper,0-3,N/A,Tlili,32,N/A,N/A,N/A,,
,,,,,INDUSTRIAL ENGINEERING,,,,,,,,,
,16740,ISEE,120,600,Fund of Industrial Engineering,3,3,Weraikat,30,MWF,9:00 AM,9:55 AM,,
,17037,ISEE,140,600,Materials Processing,3,1,Imran,30,M,10:05 AM,11:00 AM,,
,17037,"""","""",,Mat Proc Studio,,3,Daneji,30,TR,4:30 PM,5:50 PM,,
,17038,"""","""",60L1,Mat Proc Workshop 1,,3,Daneji,15,T,10:30 AM,1:20 PM,,
,17039,"""","""",60L2,Mat Proc Workshop 2,,3,Daneji,15,R,1:30 PM,4:20 PM,,
"2, GE",17531,ISEE,345,600,Engineering Economy,3,3,Imran,30,MW,2:35 PM,4:25 PM,,
4,16742,ISEE,420,600,Production Planning & Scheduling,3,3,Weraikat,30,MW,11:10 AM,12:05 PM,,
,16853,ISEE,497,600,Senior Design I,3,3,Ali,30,R,2:35 PM,5:25 PM,,
,16889,ISEE,498,600,Senior Design II,3,3,Ali,30,T,9:00 AM,11:50 AM,,
,16823,ISEE,499,600,Coop,0,NA,TBD,100,TBD,TBD,TBD,,
,16940,ISEE,499,601,Coop,0,NA,Weraikat,100,,TBD,TBD,,
4,16743,ISEE,510,600,Systems Simulation,3,3,Imran,28,T,12:00 PM,12:55 PM,,
,16743,"""","""",600,Systems Simulation LAB,,2,Imran,,R,12:00 PM,1:50 PM,,
4,16744,ISEE,560,600,Statistical Quality Control,3,3,Gore,30,TR,9:00 AM,10:20 AM,,
4,16745,ISEE,561,600,Linear Regression Analysis,3,3,Weraikat,30,TR,3:00 PM,4:20 PM,,
,,,,,ME ENGINEERING MNGMT,,,,,,,,,
,17574,ISEE,703,600,Supply Chain Management,3,3,Imran,30,W,6:00 PM,8:50 PM,,
Tech/Mgmt/IE PE,16864,ISEE,720,600,Production Control,3,3,Weraikat,30,T,6:00 PM,8:50 PM,,
Core/IE PE A,16746,ISEE,750,600,Systems and Project Mgmt,3,3,Gore,30,M,6:00 PM,8:50 PM,,
Core/IE PE A,16747,ISEE,771,600,Engineering of Systems I,3,3,Gore,30,R,6:00 PM,8:50 PM,,
,16748,ISEE,792,600,Engineering Capstone,3,,TBD,Registration by approval,,,,,
,16817,ISEE,792,601,Engineering Capstone,3,,TBD,Registration by approval,,,,,
,17098,ISEE,792,602,Engineering Capstone,3,,TBD,Registration by approval,,,,,
,,,,,MECHANICAL ENGINEERING,,,,,,,,,
2,16749,MECE,103,600,Statics,3,3,Abdulrahman,30,MW,8:40 AM,10:00 AM,,
,16976,MECE,103,601,Statics,3,3,Abdulrahman,30,MW,4:05 PM,5:25 PM,,
1,16750,MECE,104,600,Engineering Design Tools,3,1,Pervaiz,30,M,9:00 AM,9:55 AM,,
1,16751,MECE,104,601,Engineering Design Tools,3,1,Pervaiz,30,M,2:35 PM,3:30 PM,,
,17526,MECE,104,602,Engineering Design Tools,3,1,Pervaiz,30,W,9:00 AM,9:55 AM,,
1,,"""","""",,EDT Studio 1,,3,Daneji,30,MW,4:05 PM,5:25 PM,,
,,"""","""",,EDT Studio 2,,3,Daneji,30,TR,1:30 PM,2:50 PM,,
1,,"""","""",,EDT Studio 3,,3,Daneji,30,TR,9:00 AM,10:20 AM,,
1,16752,"""","""",60L1,EDT-Workshop 1,,3,Ali,20,T,3:00 PM,5:50 PM,,
1,16753,"""","""",60L2,EDT-Workshop 2,,3,Ali,20,W,1:05 PM,3:55 PM,,
1,16754,"""","""",60L3,EDT-Workshop 3,,3,Ali,20,R,10:30 AM,1:20 PM,,
,16755,"""","""",60L4,EDT-Workshop 4,,3,Ali,20,M,1:05 PM,3:55 PM,,
1,17527,"""","""",60L5,EDT-Workshop 5,,3,Ali,20,F,9:00 AM,11:50 AM,,
,17527,"""","""",60L6,EDT-Workshop 6,,3,Ali,20,M,9:00 AM,11:50 AM,,
2,16757,MECE,110,600,Thermodynamics I,3,3,Samaha,30,TR,12:00 PM,1:20 PM,,
,17528,MECE,110,601,Thermodynamics I,3,3,Samaha,30,MW,1:05 PM,2:25 PM,,
1,16838,MECE,117,600,Intro to Programming for Engnrs,3,2+2,Abdulrahman,30,TR,10:30 AM,11:50 AM,,
,16839,MECE,117,601,Intro to Programming for Engnrs,3,2+2,Abdulrahman,30,TR,3:00 PM,4:20 PM,,
1,17529,MECE,117,602,Intro to Programming for Engnrs,3,2+2,Abdulrahman,30,MW,2:35 PM,4:25 PM,,
,16903,MECE,205,600,Dynamics,3,3,TBD,30,MW,2:35 PM,3:55 PM,,
4,16758,MECE,301,600,Engineering Applications Lab/ Lecture,2,2,Kahwaji,15,T,9:00 AM,9:55 AM,,
,16760,"""","""",60L1,Engineering Applications Lab/ Lab,,2,Kahwaji,15,T,10:00 AM,11:50 AM,,
4,16759,MECE,301,601,Engineering Applications Lab/ Lecture,2,2,Kahwaji,15,R,1:30 PM,2:25 PM,,
,16761,"""","""",60L2,Engineering Applications Lab/ Lab,,2,Kahwaji,15,R,2:30 PM,4:20 PM,,
,16762,MECE,305,600,Materials Science + Apps ,3,3,"Pervaiz
",30,TR,10:30 AM,11:50 AM,,
,16763,MECE,306,601,Materials Science Lab,1,2,Ali,15,W,9:00 AM,10:50 AM,,
3,16764,MECE,306,602,Materials Science Lab,1,2,Ali,15,T,12:00 PM,1:50 PM,,
4,16765,MECE,310,600,Heat Transfer,3,3,Khalid Ismail,30,MW,1:05 PM,2:25 PM,,
4,16840,MECE,317,600,Numerical Methods,3,3,Abdel Samad,30,MW,4:05 PM,5:25 PM,,
5,16766,MECE,320,600,System Dynamics,3,2,Abdel Samad,30,T,3:30 PM,5:20 PM,,
,16766,"""","""","""",System Dynamics Lab,,2,Abdel Samad,30,R,3:30 PM,5:20 PM,,
4/5,16768,MECE,348,600,Contemp Issues in E & E,3,3,Lopez,30,T,6:00 PM,8:50 PM,,
ExtCore,16769,MECE,350,600,Strengths II,3,3,Salman,30,TR,4:30 PM,5:50 PM,,
ExtCore,16818,MECE,355,600,Fluids II,3,3,Samaha,30,TR,3:00 PM,4:20 PM,,
5,16804,MECE,497,600,Senior Design I,3,3,Lopez,30,R,2:35 PM,5:25 PM,,
5,16852,MECE,498,600,Senior Design II,3,3,Ali,30,T,9:00 AM,11:50 AM,,
,16771,MECE,499,600,Coop,0,N/A,Abdel Samad,N/A,TBD,TBD,TBD,,
,16772,MECE,499,601,Coop,0,N/A,Abdulrahman,N/A,TBD,TBD,TBD,,
,16773,MECE,499,602,Coop,0,N/A,Samaha,N/A,TBD,TBD,TBD,,
,16774,MECE,499,603,Coop,0,N/A,Pervaiz,N/A,TBD,TBD,TBD,,
"Appld, EE/IE PE B",16806,MECE,529,600,Renewable Energy Systems,3,3,Kahwaji,15,T,6:00 PM,8:50 PM,,
,17530,MECE ,543,600,Classic Controls,3,3,Abdulla Ismail,TBD,TBD,TBD,TBD,,
"Appld, Auto Option",16854,MECE,570,600,Manufacturing Processes & Eng.,3,3,Pervaiz,15,W,6:00 PM,8:50 PM,,
,,,,,ME/MS MECHANICAL ENGINEERING,,,,,,,,,
Sust,16807,MECE,629,600,Renewable Energy Systems,3,3,Kahwaji,15,T,6:00 PM,8:50 PM,,
Elctv,16855,MECE,670,600,Manufacturing Processes & Eng.,3,3,Pervaiz,15,W,6:00 PM,8:50 PM,,
Core,16808,MECE,707,600,Engineering Analysis,3,3,Tlili,15,M,6:00 PM,8:50 PM,,
Thfl,17055,MECE,731,600,CFD,3,3,Samaha,30,W,6:00 PM,8:50 PM,,
Sust,16895,MECE,733,600,Sustainable Energy Management,3,3,Lopez,30,R,6:00 PM,8:50 PM,,
,16992,MECE,790,600,Thesis,1-6,N/A,TBD,N/A,Registration by approval,,,,
,16775,MECE,792,600,Project with Paper,3,N/A,TBD,N/A,Registration by approval,,,,
,17019,MECE,795,600,Graduate Seminar,0,N/A,TBD,N/A,Registration by approval,,,,
,,,,,COMPUTING,,,,,,,,,
,16981,GCIS,123,600,Software Dev & ProbSolv_I,4,6,TBD,30,MWF,9:00 AM,11:00 AM,,
,16982,GCIS,123,601,Software Dev & ProbSolv_I,4,6,Akpinar,30,TR,9:00 AM,11:50 AM,,
,16988,GCIS,123,602,Software Dev & ProbSolv_I,4,6,Abdul-Latif,30,TR,1:30 PM,4:20 PM,,
,16989,GCIS,123,603,Software Dev & ProbSolv_I,4,6,Abdul-Latif,30,MW,1:05 PM,3:55 PM,,
,17005,GCIS,123,604,Software Dev & ProbSolv_I,4,6,Ben Othman,30,TR,12:30 PM,3:20 PM,,
,17107,GCIS,124,600,Software Dev & ProbSolv_II,4,6,TBD,30,MWF,9:00 AM,11:00 AM,,
,17521,GCIS,124,601,Software Dev & ProbSolv_II,4,6,TBD,30,TR,9:00 AM,11:50 AM,,
CSEC 3/CIT 2,17533,ISTE,230,600,Intro to Database,3,3,TBD,30,TR,3:00 PM,4:20 PM,,
CSEC 3/CIT 2,17534,ISTE,230,601,Intro to Database,3,3,TBD,30,MW,1:05 PM,2:25 PM,,
2,16843,NSSA,221,600,Systems Administration I,3,2,Raza,25,TR,9:00 AM,11:00 AM,,
,16844,NSSA,221L,60L1,Systems Administration I Lab,,2,Osama Abdulrahman,25,TR,9:00 AM,11:00 AM,,
fgv,16956,NSSA,221,601,Systems Administration I,3,2,Raza,25,MW,1:05 PM,3:05 PM,,
,16957,NSSA,221L,60L2,Systems Administration I Lab,,2,Osama Abdulrahman,25,MW,1:05 PM,3:05 PM,,
2,17548,NSSA,221,602,Systems Administration I,3,2,Raza,25,TR,9:00 AM,11:00 AM,,
,17549,NSSA,221L,60L3,Systems Administration I Lab,,2,Osama Abdulrahman,25,TR,9:00 AM,11:00 AM,,
2,16799,NSSA,241,600,Intro Routing & Switching,3,2,Raza,25,W,9:00 AM,11:00 AM,,
,16800,NSSA,241,60L1,Intro Routing & Switching Lab,,2,Osama Abdulrahman,25,M,9:00 AM,11:00 AM,,
2,16958,NSSA,241,601,Intro Routing & Switching,3,2,Saadeh,25,T,1:30 PM,3:30 PM,,
,16959,NSSA,241,60L2,Intro Routing & Switching Lab,,2,Osama Abdulrahman,25,R,1:30 PM,3:30 PM,,
2,17099,NSSA,241,602,Intro Routing & Switching,3,2,,25,M,9:00 AM,11:00 AM,,
,17100,NSSA,241,60L3,Intro Routing & Switching Lab,,2,Osama Abdulrahman,25,W,9:00 AM,11:00 AM,,
2,17550,NSSA,241,603,Intro Routing & Switching,3,2,,25,W,2:35 PM,4:25 PM,,
,17551,NSSA,241,60L4,Intro Routing & Switching Lab,,2,Osama Abdulrahman,25,M,2:35 PM,4:25 PM,,
Sftwr Engnr Minor/CSEC Adv Opt,17505,SWEN,256,600,Software Process and Project Management,3,3,TBD,30,TR,12:00 PM,1:20 PM,,
Sftwr Engnr Minor/CSEC Adv Opt,17053,SWEN,261,600,Intro to Software Engineering,3,3,TBD,30,TR,12:00 PM,1:20 PM,,
,,,,,BS COMPUTING SECURITY,,,,,,,,,
,16943,CSEC,99,600,Coop Education Seminar,0,1,Daswani,30,TBD,TBD,TBD,,
"1,GE",16909,CSEC,140,600,Introduction to Cybersecurity,3,3,Akpinar,30,TR,12:00 PM,1:20 PM,,
,16917,CSEC,140,601,Introduction to Cybersecurity,3,3,Akpinar,30,MWF,11:10 AM,12:05 PM,,
,17102,CSEC,140,602,Introduction to Cybersecurity,3,3,TBD,30,TR,9:00 AM,10:20 AM,,
2,16828,CSEC,201,600,Programming for Information Security,3,3,Saadeh,30,TR,10:30 AM,11:50 AM,,
2,17048,CSEC,201,601,Programming for Information Security,3,3,Saadeh,30,MW,1:05 PM,2:25 PM,,
Adv Opt,16829,CSEC,461,600,Computer System Security,3,2,TBD,25,MW,9:00 AM,11:00 AM,,
Adv Opt,16856,CSEC,461,60L1,Computer System Security Lab,0,,TBD,25,MW,9:00 AM,11:00 AM,,
Adv Opt,17516,CSEC,461,601,Computer System Security,3,2,TBD,25,TR,10:30 AM,12:20 PM,,
Adv Opt,17517,CSEC,461,60L2,Computer System Security Lab,0,,TBD,25,TR,10:30 AM,12:20 PM,,
2,16942,CSCI,462,600,Introduction to cryptograhpy,3,3,Almobaideen,30,MW,1:05 PM,2:25 PM,,
2,17503,CSCI,462,601,Introduction to cryptograhpy,3,3,Almobaideen,30,TR,10:30 AM,11:50 AM,,
,16963,PUBL,363,600,Cyber Policy and Law,3,2,Almobaideen,25,MW,2:35 PM,3:55 PM,,
,17506,PUBL,363,601,Cyber Policy and Law,3,2,Almobaideen,25,TR,12:00 PM,1:20 PM,,
,16945,CSEC,468,600,Risk Management for Information Security ,3,3,TBD,30,TR,1:30 PM,2:50 PM,,
,17518,CSEC,490,600,Capstone in Csec,3,1,Osama Abdulrahman,30,TR,4:30 PM,5:50 PM,,
,16877,CSEC,499,600,Csec Coop,0,0,Almobaideen,30,MW,TBD,TBD,,
,17017,CSEC,499,601,Csec Coop,0,0,Al Hussaeni,30,TBD,TBD,TBD,,
Adv Opt,17058,CSEC,520,600,Cyber Analytics and Machine Learning,3,3,Akpinar,30,MW,4:05 PM,5:25 PM,,
,,,,,BS CIT,,,,,,,,,
,16949,ISTE,99,600,IST 2nd Year Seminar,0,1,Khalil,30,TBD,TBD,TBD,,
2,16797,ISTE,140,600,Web & Mobile I,3,3,Abdul-Latif,30,MW,4:05 PM,5:25 PM,,
2,17051,ISTE,140,601,Web & Mobile I,3,3,Abdul-Latif,30,TR,12:00 PM,1:20 PM,,
2,17532,ISTE,140,602,Web & Mobile I,3,3,Abdul-Latif,30,TR,9:00 AM,10:20 AM,,
3/4 CIT,16950,ISTE,260,600,Designing the User Experience,3,3,TBD,30,TR,3:00 PM,4:20 PM,,
3/4 CIT,17535,ISTE,260,601,Designing the User Experience,3,3,TBD,30,MWF,9:00 AM,9:55 AM,,
04-Mar,16834,ISTE,430,600,Information Requirement Modeling,3,3,Al Hussaeni,30,TR,12:00 PM,1:20 PM,,
04-Mar,17536,ISTE,430,601,Information Requirement Modeling,3,3,Al Hussaeni,30,MW,1:05 PM,2:25 PM,,
CIT Conc,16890,ISTE,470,600,Data Mining and Exploration,3,3,Al Hussaeni,30,MW,2:35 PM,3:55 PM,,
,17018,ISTE,499,601,ISTE Coop,0,N/A,TBD,30,TBD,TBD,TBD,,
4,16798,ISTE,500,600,CIT Senior Devel Project I,3,3,Osama Abdulrahman,30,TR,4:30 PM,5:50 PM,,
,16983,NSSA,102,600,Comp System Concepts,3,2,Jubair,30,MW,9:00 AM,10:50 AM,,
,16984,NSSA,102,60L1,Comp System Concepts Lab,0,,Jubair,30,MW,9:00 AM,10:50 AM,,
,16990,NSSA,102,601,Comp System Concepts,3,2,Jubair,30,TR,3:00 PM,4:50 PM,,
,16991,NSSA,102,60L2,Comp System Concepts Lab,0,,Jubair,30,TR,3:00 PM,4:50 PM,,
2,17545,NSSA,220,600,Task Automation,3,3,Jubair,30,MW,2:35 PM,3:55 PM,,
2,17546,NSSA,220,601,Task Automation,3,3,Jubair,30,TR,12:00 PM,1:20 PM,,
2,,NSSA,220,602,Task Automation,3,3,Saadeh,30,TR,9:00 AM,10:20 AM,,
CIT Conc,16961,NSSA,370,600,Project Management,3,3,TBD,30,MWF,9:00 AM,9:55 AM,,
CIT Conc,16960,NSSA,244,600,Virtualization,3,2,Raza,30,TR,3:00 PM,4:20 PM,,
,,,,,MSC CSEC,,,,,,,,,
,17519,CSEC,751,600,Information Security Policy and Law,3,3,TBD,30,T,6:00 PM,9:00 PM,,
,16970,CSEC,742,600,Computer system security,3,3,TBD,30,W,6:00 PM,9:00 PM,,
,17105,CSEC,790,600,MS Thesis,1-6,N/A,Almobaideen,32,Registration by approval,,,,
,,,,,LIBERAL ARTS,,,,,,,,,
"Glb,IslCult, Imm:Anth,ArbLangCult,Rel",16777,ANTH,275,600,Global Islam,3,3,Haider,30,TR,10:30 AM,11:50 AM,,
"IslCult, Imm:Anth,ArbLangCult,Rel",16778,ANTH,365,600,Culture and Politics in the ME,3,3,Haider,30,MW,2:35 PM,3:55 PM,,
"IslCult, Imm:Anth,ArbLangCult,Rel",16779,ANTH,365,601,Culture and Politics in the ME,3,3,Haider,30,TR,1:30 PM,2:50 PM,,
"IslCult, Imm:Anth,ArbLangCult,Rel",17502,ANTH,365,602,Culture and Politics in the ME,3,3,Razem,30,TR,10:30 AM,11:50 AM,,
Imm:Anth,16780,ANTH,380,600,Nationalism and Identity,3,3,Haider,30,MW,1:05 PM,2:25 PM,,
Bus,16781,COMM,253,600,Communication (WI),3,3,Pitt,25,MW,1:05 PM,2:25 PM,,
Bus,16827,COMM,253,601,Communication (WI),3,3,Pitt,25,TR,12:00 PM,1:20 PM,,
Bus,17086,COMM,253,602,Communication (WI) in Arabic,3,3,Osmanovic,25,MW,2:35 PM,3:55 PM,,
"Glb,Soc",16783,ECON,101,601,Microeconomics,3,3,Aamina,30,MWF,10:05 AM,11:00 AM,,
"Glb,Soc",16921,ECON,101,602,Microeconomics,3,3,Samardzija,30,TR,3:00 PM,4:20 PM,,
"Glb,Soc",16994,ECON,101,603,Microeconomics,3,3,Samardzija,30,TR,4:30 PM,5:50 PM,,
"Glb,Soc, Imm: Econ",17056,ECON,201,600,Macroeconomics,3,3,Modak,30,TR,10:30 AM,11:50 AM,,
Imm:Econ,16784,ECON,405,600,Intl Trade & Finance,3,3,Modak,30,TR,3:00 PM,4:20 PM,,
0,16868,ELCA,62,600,Intro to Academic English,0,4,Mirosh Thomas,20,MW,10:05 AM,11:00 AM,,
,16868,ELCA,"""","""","""",0,4,Mirosh Thomas,20,F,10:05 AM,11:55 AM,,
"Art, Imm:Engl*",16884,ENGL,210,600,"Literature, Culture and Media (WI)",3,3,Calfo,20,MW,4:05 PM,5:25 PM,,
"Art, Imm:Engl*",17041,ENGL,210,601,"Literature, Culture and Media (WI)",3,3,Calfo,20,TR,12:00 PM,1:20 PM,,
"Art, Imm:CrtWr",17042,ENGL,211,600,Intro Creative Writing (WI),3,3,Calfo,20,MW,1:05 PM,2:25 PM,,
"Art,Glb",17047,ENGL,316,600,Global Literature,3,3,Dayton,30,MW,4:05 PM,5:25 PM,,
"Art, Imm: DigLit,CrtWrt",16885,ENGL,376,600,Experimental Writing,3,3,Calfo,20,TR,9:00 AM,10:20 AM,,
"Soc, Imm:Hist",16832,HIST,104,600,Themes in Euro Hist: The Viking Age,3,3,Dayton,30,MW,1:05 PM,2:25 PM,,
Glb,17043,HIST,150,600,World History since 1500,3,3,Dayton,30,TR,3:00 PM,4:20 PM,,
"Art,Glb, Imm: Hist, FrLangCult",16887,HIST,275,600,Screening the Trenches,3,3,Dayton,30,TR,4:30 PM,5:50 PM,,
,17060,MLAR,30,600,Introduction to Arabic,0,,Osmanovic,30,OL,OL,OL,,
"Glb, Imm:ArbLangCult",16785,MLAR,201,600,Beginning Arabic I,4,4,Osmanovic,25,MW,10:00 AM,11:50 AM,,
"Glb, Imm:ArbLangCult",16786,MLAR,201,601,Beginning Arabic I,4,4,Osmanovic,25,TR,3:00 PM,4:50 PM,,
"Glb, Imm:FrLangCult",16788,MLFR,201,600,Beginning French I,4,4,Kadi,25,TR,9:00 AM,10:50 AM,,
"Glb, Imm:FrLangCult",16927,MLFR,201,601,Beginning French I,4,4,Kadi,25,TR,12:00 PM,1:50 PM,,
"Glb, Imm:FrLangCult",17004,MLFR,201,602,Beginning French I,4,4,Kadi,25,MW,1:05 PM,2:55 PM,,
"Glb, Imm:FrLangCult",16842,MLFR,202,600,Beginning French II,4,4,Kadi,25,MW,9:00 AM,10:50 AM,,
Glb,17027,MLSP,201A,600,Beginning Spanish I,4,4,Pandor,25,TR,9:30 AM,11:20 AM,,
Glb,17028,MLSP,201A,601,Beginning Spanish I,4,4,Pandor,25,TR,11:30 AM,1:20 PM,,
"Eth, Imm:Ethics*",16860,PHIL,202,600,Found of Moral Philosophy,3,3,Lydia Barry,30,MWF,9:00 AM,9:55 AM,,
"Eth, Imm:Ethics*",17087,PHIL,202,601,Found of Moral Philosophy,3,3,Lydia Barry,30,MWF,11:10 AM,12:05 PM,,
"Eth, Imm:Ethics*",17522,PHIL,202,602,Found of Moral Philosophy,3,3,Lydia Barry,30,TR,9:00 AM,10:20 AM,,
"Eth, Imm:Ethics*",17523,PHIL,202,603,Found of Moral Philosophy,3,3,Lydia Barry,30,TR,12:00 PM,1:20 PM,,
"Eth, Imm:Ethics*",17524,PHIL,202,604,Found of Moral Philosophy,3,3,Lydia Barry,30,TBD,TBD,TBD,,
"Eth, Glb, Soc, Imm:Ethics",17030,PHIL,305,600,Philosophy of Peace,3,3,Pitt,25,TR,9:00 AM,10:20 AM,,
"Imm:Ethics, WI",17031,PHIL,403,600,Social and Political Philosophy,3,3,Pitt,25,MW,4:05 PM,5:25 PM,,
"Soc, SciPrin (Bus,CIT)",16789,PSYC,101,600,Intro Psychology,3,3,Maaham,35,MWF,9:00 AM,9:55 AM,,
"Soc, SciPrin (Bus,CIT)",16790,PSYC,101,601,Intro Psychology,3,3,Maaham,35,TR,10:30 AM,11:50 AM,,
"Soc, SciPrin (Bus,CIT)",17032,PSYC,101,602,Intro Psychology,3,3,Maaham,35,MWF,11:10 AM,12:05 PM,,
"Soc, SciPrin (Bus,CIT)",17033,PSYC,101,603,Intro Psychology,3,3,Maaham,35,TR,1:30 AM,2:50 AM,,
"Soc, SciPrin (Bus,CIT)",17097,PSYC,101,604,Intro Psychology,3,3,Maaham,35,MW,2:35 PM,3:55 PM,,
"Soc, SciPrin (Bus,CIT)",17103,PSYC,101,605,Intro Psychology,3,3,McCarthy,35,TR,4:30 PM,5:50 PM,,
"Psyc; Soc, SciPrin (Bus,CIT)",17508,PSYC,101,606,Intro Psychology,3,3,Albina TBC,35,TBD,TBD,TBD,,
"Psyc; Soc, SciPrin (Bus,CIT)",17509,PSYC,101,607,Intro Psychology,3,3,Albina TBC,35,TBD,TBD,TBD,,
"Psyc; Soc, Imm:Psyc",16791,PSYC,225,600,Social Psychology,3,3,McCarthy,30,MW,4:05 PM,5:25 PM,,
"Psyc; Soc, Imm:Psyc",17510,PSYC,225,601,Social Psychology,3,3,McCarthy,30,TR,1:30 PM,2:50 PM,,
Psyc; Imm:Psyc,16866,PSYC,241,600,Health Psychology,3,3,Ana Havelka Mestrovic <ana.havelka-mestrovic@croatia.rit.edu>,30,TR,9:00 AM,10:20 AM,,
Psyc; Imm:Psyc,17511,PSYC,241,601,Health Psychology,3,3,Ana,30,MWF,10:05 AM,11:00 AM,,
Psych,17512,PSYC,250,600,Research Methods I,3,3,McCarthy,20,MW,2:35 PM,3:55 PM,,
,16819,UWRT,100,600,Critical Reading and Writing,3,3,TBD,20,MWF,9:00 AM,9:55 AM,,
,16820,UWRT,100,601,Critical Reading and Writing,3,3,TBD,20,TR,10:30 AM,11:50 AM,,
,16821,UWRT,100,602,Critical Reading and Writing,3,3,TBD,20,MWF,11:10 AM,12:05 PM,,
,16822,UWRT,100,603,Critical Reading and Writing,3,3,TBD,20,MWF,10:05 AM,11:00 AM,,
,16923,UWRT,100,604,Critical Reading and Writing,3,3,TBD,20,TR,2:35 PM,3:55 PM,,
,16928,UWRT,100,605,Critical Reading and Writing,3,3,TBD,20,TR,1:30 PM,2:50 PM,,
,16999,UWRT,100,606,Critical Reading and Writing,3,3,TBD,20,TR,4:30 PM,5:50 PM,,
all,16857,UWRT,150,600,Writing,3,3,Mirosh Thomas,20,TR,9:00 AM,10:20 AM,,
all,16792,UWRT,150,601,Writing,3,3,Mirosh Thomas,20,TR,12:00 PM,1:20 PM,,
all,16793,UWRT,150,602,Writing,3,3,Mirosh Thomas,20,MW,1:05 PM,2:25 PM,,
all,16987,UWRT,150,603,Writing,3,3,TBD,20,TR,1:30 PM,2:50 PM,,
all,16794,UWRT,150,604,Writing,3,3,TBD,20,MWF,11:10 AM,12:05 PM,,
all,16795,UWRT,150,605,Writing,3,3,TBD,20,MWF,10:05 AM,11:00 AM,,
all,16929,UWRT,150,606,Writing,3,3,TBD,20,TR,4:05 PM,5:25 PM,,
all,16930,UWRT,150,607,Writing,3,3,TBD,20,TR,3:00 PM,4:20 PM,,
all,16935,UWRT,150,608,Writing,3,3,TBD,20,TR,4:30 PM,5:50 PM,,
all,16997,UWRT,150,609,Writing,3,3,TBD,20,MWF,9:00 AM,9:55 AM,,
all,16998,UWRT,150,610,Writing,3,3,TBD,20,TR,10:30 AM,11:50 AM,,
all,17011,UWRT,150,611,Writing,3,3,TBD,20,MW,2:35 PM,3:55 PM,,
all,17035,UWRT,150,612,Writing,3,3,TBD,20,TR,1:30 PM,2:50 PM,,
all,17036,UWRT,150,613,Writing,3,3,TBD,20,MW,4:05 PM,5:25 PM,,
,,,,,MATH/SCIENCE,,,,,,,,,
"SciPrin, NatSci",16964,BIOG,140,600,Cell & Molecular Biology for Engnrs I,3,2,Hassan,24,M,1:05 PM,2:55 PM,,
,16965,"""","""",60L1,Cell & Molecular Biology for Engnrs I Lab,0,3,Hassan,24,W,1:05 PM,3:55 PM,,
"SciPrin (Bus,ME), LabSci(CSec)",16716,BIOL,101,600,Gen Biology I,3,3,Amawi,30,TR,1:30 PM,2:50 PM,,
"SciPrin (Bus,ME), LabSci(CSec)",16718,BIOL,101,601,Gen Biology I,3,3,Hassan,30,TR,4:30 PM,5:50 PM,,
,17101,BIOL,101,602,Gen Biology I,3,3,Hassan,30,MW,4:05 PM,5:25 PM,,
,17046,BIOl,102,600,General Biology II,3,3,Amawi,30,MW,1:05 PM,2:25 PM,,
,17513,BIOl,102,601,General Biology II,3,3,Amawi,30,MW,2:35 PM,3:55 PM,,
"SciPrin, LabSci (CSec)",16966,BIOL,103,600,Gen Biology I Lab,1,3,Hassan,24,T,1:30 PM,4:20 PM,,
,17514,BIOL,103,601,Gen Biology I Lab,1,3,Hassan,24,W,9:00 AM,11:50 AM,,
"EE, IE, SciPrin (Bus,ME), LabSci(CSec)",16878,CHMG,141,600,General and Analytical Chemistry I,3,3,Ashmawy,30,TR,9:00 AM,10:20 AM,,
"EE, IE, SciPrin (Bus,ME), LabSci(CSec)","16879
",CHMG,141,601,General and Analytical Chemistry I,3,3,Ashmawy,30,TR,10:30 AM,11:50 AM,,
"EE, IE, SciPrin (Bus,ME), LabSci(CSec)",17091,CHMG,141,602,General and Analytical Chemistry I,3,3,Ashmawy,30,MW,1:05 PM,2:25 PM,,
"EE, IE, SciPrin (Bus,ME), LabSci(CSec)","17104
",CHMG,141,603,General and Analytical Chemistry I,3,3,Ashmawy,30,MW,2:35 PM,3:55 PM,,
"EE, IE, SciPrin (Bus,ME), LabSci(CSec)",17515,CHMG,141,604,General and Analytical Chemistry I,3,3,Ashmawy,30,MWF,9:00 AM,9:55 AM,,
"SciPrin (ME), LabSci(CSec)",17022,CHMG,142,600,General and Analytical Chemistry II,3,3,Amawi,30,TR,12:00 PM,1:20 PM,,
,16967,CHMG,145,600,General and Analytical Chemistry I Lab,1,3,Ashmawy,30,TR,1:30 PM,2:50 PM,,
0,16669,MATH,90,600,Algebra,0,3,TBD,30,TR,9:00 AM,10:20 AM,,
0,17537,MATH,90,601,Algebra,0,3,TBD,30,TR,12:00 PM,1:20 PM,,
1,16670,MATH,101,600,College Algebra,3,3,Naghshineh,30,TR,10:30 AM,11:50 AM,,
1,16933,MATH,101,601,College Algebra,3,3,TBD,30,MW,2:35 PM,3:55 PM,,
1,17106,MATH,101,602,College Algebra,3,3,TBD,30,TR,9:00 AM,10:20 AM,,
1,17538,MATH,101,603,College Algebra,3,3,TBD,30,TR,1:30 PM,2:50 PM,,
"1 ME, EE, Csec",16672,MATH,111,600,Precalculus,3,3,TBD,30,MWF,9:00 AM,9:55 AM,,
,16893,"""","""",60R1,Precalculus Recitation,,,TBD,,MWF,11:10 AM,12:05 PM,,
"1 ME, EE, Csec",16677,MATH,111,601,Precalculus,3,,TBD,30,TRF,3:00 PM,4:20 PM,,
,16894,"""","""",60R2,Precalculus Recitation,,,TBD,,TRF,10:05 AM,11:00 AM,,
,17001,MATH,111,602,Precalculus,3,,TBD,30,TRF,1:30 PM,2:50 PM,,
,17002,"""","""",60R3,Precalculus Recitation,,,TBD,,TRF,9:00 AM,9:55 AM,,
"Bus, CIT",16678,MATH,161,600,Applied Calculus,4,4,Naghshineh,30,MW,9:00 AM,10:50 AM,,
"Bus, CIT",16920,MATH,161,601,Applied Calculus,4,4,Naghshineh,30,MW,1:05 PM,2:55 PM,,
,16995,MATH,161,602,Applied Calculus ,4,4,Naghshineh,30,TR,12:00 PM,1:50 PM,,
,17088,MATH,161,603,Applied Calculus ,4,4,TBD,30,MW,4:05 PM,5:55 PM,,
,17539,MATH,161,604,Applied Calculus ,4,4,TBD,30,MW,10:05 AM,12:05 PM,,
"1 ME, EE, Csec",16682,MATH,181,600,Calculus I,4,6,Sayyad,30,TR,9:00 AM,11:50 AM,,
,16682,"""","""","""",Recitation,,,TBD,,,,,,
"1 ME, EE, Csec",16683,MATH,181,601,Calculus I,4,6,Sayyad,30,MW,2:35 PM,5:25 PM,,
,16683,"""","""","""",Recitation,"""","""",TBD,,,,,,
"1 ME, EE, Csec",16684,MATH,181,602,Calculus I,4,6,Al-Khamaiseh,30,TR,12:00 PM,2:50 PM,,
,16684,"""","""","""",Recitation,"""","""",TBD,,,,,,
,17077,MATH,181,603,Calculus I,4,6,Al-Khamaiseh,30,TR,3:00 PM,5:50 PM,,
,17077,"""","""","""",Recitation,,,TBD,,,,,,
"1 ME, EE, Csec",17540,MATH,181,604,Calculus I,4,6,Al-Khamaiseh,30,MWF,9:00 AM,11:00 AM,,
,17540,"""","""","""",Recitation,,,TBD,,MWF,9:00 AM,11:00 AM,,
"ME, EE, IE, Csec",16686,MATH,182,600,Calculus II ,4,6,Borghol,30,TR,9:00 AM,11:50 AM,,
,,"""","""","""",Recitation,"""","""",TBD,,,,,,
"ME, EE, IE, Csec",16687,MATH,182,601,Calculus II,4,6,Borghol,30,MW,10:05 AM,12:05 PM,,
,16687,"""","""","""",Recitation,,,TBD,,F,10:05 AM,12:05 PM,,
2 Csec,16693,MATH,190,600,Discrete Math for Computing,3,3,TBD,30,MWF,4:05 PM,5:25 PM,,
,17542,MATH,190,60R1,Recitation,,,TBD,,MWF,11:10 AM,12:05 PM,,
2 Csec,17541,MATH,190,601,Discrete Math for Computing,3,3,TBD,30,MWF,1:05 PM,2:25 PM,,
,17543,MATH,190,60R2,Recitation,,,TBD,,MWF,10:05 AM,11:00 AM,,
"2 ME, EE",16694,MATH,219,600,Multivariable Calculus,3,3,Maki,30,TR,3:00 PM,4:20 PM,,
"2 EE, IE",17071,MATH,220,600,Vector Calculus,1,1,Maki,30,M,11:10 AM,12:05 PM,,
,17544,MATH,221,600,Multivar & Vector Calculus,4,4,Sayyad,30,TR,3:00 PM,5:00 PM,,
"2 ME,EE",16696,MATH,231,600,Differential Equations,3,3,Borghol,30,MW,1:05 PM,2:25 PM,,
"3/4 ME, EE, CSec",16869,MATH,241,601,Linear Algebra,3,3,Ahmad,30,TR,4:30 PM,5:50 PM,,
"3/4 EE, Csec, 2 IE",16699,MATH,251,600,Probability & Stats I,3,3,TBD,30,TR,4:30 PM,5:50 PM,,
,,"""","""","""",Recitation,"""","""",TBD,30,TBD,TBD,TBD,,
"3/4 EE, Csec, 2 IE",16870,MATH,251,601,Probability & Stats I,3,3,Maki,30,MW,4:05 PM,5:25 PM,,
,,"""","""","""",Recitation,"""","""",TBD,30,TBD,TBD,TBD,,
"3/4 EE, Csec, 2 IE",17078,MATH,251,602,Probability & Stats I,3,3,TBD,30,TR,12:00 PM,1:20 PM,,
,,"""","""","""",Recitation,"""","""",TBD,30,TBD,TBD,TBD,,
3/4 ME,16701,MATH,326,600,BVPs,3,3,Maki,30,TR,1:30 PM,2:50 PM,,
EE,16709,MATH,381,600,Complex Variables,3,3,Maki,30,MW,2:35 PM,3:55 PM,,
"EE, CSec",16814,PHYS,211,600,Univ Physics I,4,6,Ahmad,30,TR,10:30 AM,1:20 PM,,
"ME,EE,CSec",16815,PHYS,212,600,Univ Physics II,4,6,Ahmad,30,MWF,9:00 AM,11:00 AM,,
"Bus, CIT",16712,STAT,145,600,Intro Statistics I,3,3,TBD,30,TR,3:00 PM,4:20 PM,,
"Bus, CIT",16813,STAT,145,601,Intro Statistics I,3,3,TBD,30,TR,4:30 PM,5:20 PM,,
"Bus, CIT",17013,STAT,145,602,Intro Statistics I,3,3,TBD,30,MW,2:35 PM,3:55 PM,,
"Bus, CIT",17090,STAT,145,603,Intro Statistics I ,3,3,TBD,30,MWF,10:05 AM,11:00 AM,,
"Bus, CIT",17504,STAT,145,604,Intro Statistics I ,3,3,TBD,30,MW,4:05 PM,5:25 PM,,
,,,,,ASC,,,,,,,,,
,,ACSC,61,600,Applied Study Strategies,0,2,Farag,15,,,,,
,,ACSC,61,601,Applied Study Strategies,0,2,Farag,15,,,,,
,,ACSC,61,602,Applied Study Strategies,0,2,Farag,15,,,,,
,,ACSC,61,603,Applied Study Strategies,0,2,Farag,15,,,,,
,16916,ACSC,80,600,Core Physics Concepts,0,3,TBD,24,MW,1:05 PM,2:25 PM,,
1,,YOPS,10,600,RIT 365,0,1,Farag,24,,,,,
1,,YOPS,10,601,RIT 365,0,1,Farag,24,,,,,
1,,YOPS,10,602,RIT 365,0,1,Waqar,24,,,,,
1,,YOPS,10,603,RIT 365,0,1,Hariri,24,,,,,
1,,YOPS,10,604,RIT 365,0,1,Hariri,24,,,,,
1,,YOPS,10,605,RIT 365,0,1,Hussein,24,,,,,
1,,YOPS,10,606,RIT 365,0,1,TBD,24,,,,,
,,YOPS,10,607,RIT 365 ,0,1,Hariri,24,,,,,
,,YOPS,10,608,RIT 365 ,0,1,Hariri,24,,,,,
,,YOPS,10,609,RIT 365 ,0,1,Hammouda,24,,,,,
,,YOPS,10,610,RIT 365 ,0,1,Hammouda,24,,,,,
,,YOPS,10,611,RIT 365 ,0,1,Hammouda,24,,,,,
,,YOPS,10,612,RIT 365 ,0,1,Al Mouhamed ,24,,,,,
,,YOPS,10,613,RIT 365 ,0,1,Al Mouhamed ,24,,,,,
,,YOPS,10,614,RIT 365 ,0,1,Al Mouhamed ,24,,,,,
,,YOPS,10,615,RIT 365 ,0,1,Hammouda,24,,,,,